1;1;;;;;
2;2;3;;;;
3;4;;;;;
4;796;;;;;
5;5;;;;;
6;6;;;;;
7;7;8;;;;
8;10;9;;;;
9;11;;;;;
10;12;;;;;
11;13;;;;;
12;14;15;;;;
13;18;;;;;
14;16;17;;;;
15;21;22;;;;
16;24;;;;;
17;25;;;;;
18;49;;;;;
19;29;;;;;
20;26;;;;;
21;27;28;;;;
22;19;20;;;;
23;23;;;;;
24;31;;;;;
25;32;;;;;
26;30;;;;;
27;33;;;;;
28;36;;;;;
29;35;;;;;
30;34;;;;;
31;429;;;;;
32;37;;;;;
33;38;;;;;
34;39;;;;;
35;40;41;;;;
36;59;;;;;
37;42;;;;;
38;43;;;;;
39;44;;;;;
40;47;48;;;;
41;45;46;;;;
42;53;;;;;
43;51;;;;;
44;52;;;;;
45;114;;;;;
46;125;;;;;
47;122;123;;;;
48;119;120;121;;;
49;118;;;;;
50;115;;;;;
51;116;117;;;;
52;112;;;;;
53;101;103;;;;
54;50;;;;;
55;56;;;;;
56;55;;;;;
57;66;;;;;
58;58;60;;;;
59;57;62;;;;
60;61;;;;;
61;65;;;;;
62;63;;;;;
63;54;;;;;
64;99;100;102;;;
65;113;;;;;
66;126;;;;;
67;145;142;;;;
68;108;;;;;
69;110;;;;;
70;111;;;;;
71;109;;;;;
72;96;;;;;
73;107;104;;;;
74;127;128;;;;
75;129;130;131;;;
76;144;;;;;
77;119;;;;;
78;124;;;;;
79;124;;;;;
80;147;;;;;
81;141;;;;;
82;137;;;;;
83;140;;;;;
84;171;;;;;
85;149;;;;;
86;146;;;;;
87;148;;;;;
88;154;;;;;
89;151;;;;;
90;150;152;;;;
91;216;;;;;
92;217;220;;;;
93;2152;;;;;
94;571;;;;;
95;2155;;;;;
96;2156;;;;;
97;2154;;;;;
98;2153;;;;;
99;2160;;;;;
100;2157;;;;;
101;2159;;;;;
102;2158;;;;;
103;526;;;;;
104;2158;;;;;
105;2161;;;;;
106;484;;;;;
107;483;;;;;
108;485;486;;;;
109;487;;;;;
110;488;;;;;
111;489;;;;;
112;2161;;;;;
113;2162;;;;;
114;2162;;;;;
115;2161;;;;;
116;492;;;;;
117;490;491;;;;
118;493;;;;;
119;2164;;;;;
120;2162;;;;;
121;2164;;;;;
122;2165;;;;;
123;2163;;;;;
124;494;;;;;
125;495;;;;;
126;2167;;;;;
127;2166;;;;;
128;497;;;;;
129;496;;;;;
130;511;515;;;;
131;513;516;;;;
132;517;;;;;
133;535;;;;;
134;534;;;;;
135;536;;;;;
136;514;518;519;523;;
137;520;;;;;
138;521;;;;;
139;521;;;;;
140;512;;;;;
141;524;;;;;
142;525;529;;;;
143;527;;;;;
144;528;;;;;
145;530;531;;;;
146;532;;;;;
147;522;;;;;
148;522;;;;;
149;533;;;;;
150;537;;;;;
151;538;541;;;;
152;539;;;;;
153;546;;;;;
154;542;;;;;
155;658;;;;;
156;657;;;;;
157;655;;;;;
158;658;;;;;
159;661;;;;;
160;655;;;;;
161;642;;;;;
162;659;;;;;
163;663;;;;;
164;271;;;;;
165;545;;;;;
166;681;;;;;
167;682;;;;;
168;60;;;;;
169;683;;;;;
170;543;;;;;
171;548;;;;;
172;555;;;;;
173;554;;;;;
174;569;;;;;
175;572;;;;;
176;676;;;;;
177;681;;;;;
178;677;;;;;
179;679;;;;;
180;678;;;;;
181;576;;;;;
182;567;;;;;
183;556;;;;;
184;557;;;;;
185;557;;;;;
186;549;551;;;;
187;553;;;;;
188;550;;;;;
189;560;;;;;
190;561;;;;;
191;565;;;;;
192;552;;;;;
193;274;;;;;
194;270;;;;;
195;272;;;;;
196;271;275;;;;
197;264;;;;;
198;265;;;;;
199;273;;;;;
200;566;;;;;
201;564;;;;;
202;266;;;;;
203;267;;;;;
204;269;;;;;
205;268;;;;;
206;261;;;;;
207;262;260;;;;
208;258;;;;;
209;255;;;;;
210;251;;;;;
211;251;;;;;
212;599;;;;;
213;26;;;;;
214;257;;;;;
215;565;;;;;
216;593;;;;;
217;590;;;;;
218;591;;;;;
219;589;575;;;;
220;600;;;;;
221;594;;;;;
222;251;;;;;
225;595;;;;;
226;609;;;;;
227;611;;;;;
228;612;;;;;
229;238;;;;;
230;302;303;;;;
231;619;;;;;
232;620;;;;;
233;626;;;;;
234;622;;;;;
235;627;;;;;
236;628;;;;;
237;613;;;;;
238;617;;;;;
239;608;;;;;
240;598;;;;;
241;607;;;;;
242;605;;;;;
243;604;602;;;;
244;606;;;;;
245;629;;;;;
246;630;632;;;;
247;603;;;;;
248;636;;;;;
249;635;;;;;
250;623;;;;;
251;624;;;;;
252;637;639;;;;
253;641;;;;;
254;640;;;;;
255;694;;;;;
256;691;;;;;
257;691;;;;;
258;644;;;;;
259;649;;;;;
260;633;;;;;
261;648;;;;;
262;647;;;;;
263;653;;;;;
264;653;;;;;
265;649;;;;;
266;643;;;;;
267;642;;;;;
268;643;;;;;
269;645;;;;;
270;692;697;;;;
271;662;;;;;
272;597;;;;;
273;601;;;;;
274;601;;;;;
275;586;;;;;
276;587;;;;;
277;588;;;;;
278;584;;;;;
279;579;;;;;
280;650;;;;;
281;652;;;;;
282;581;;;;;
283;654;;;;;
284;651;;;;;
285;574;;;;;
286;577;;;;;
287;573;;;;;
288;558;;;;;
289;563;;;;;
292;217;218;;;;
293;219;;;;;
294;294;;;;;
295;294;;;;;
296;153;;;;;
297;146;;;;;
298;169;;;;;
299;157;;;;;
300;163;156;;;;
301;162;160;;;;
302;158;155;;;;
303;181;161;;;;
304;183;185;;;;
305;222;230;;;;
306;225;;;;;
307;224;;;;;
308;159;;;;;
309;165;172;;;;
310;170;;;;;
311;173;;;;;
312;177;174;;;;
313;138;139;143;;;
314;134;136;180;;;
315;132;133;135;;;
316;105;;;;;
317;95;106;;;;
318;97;64;;;;
319;88;92;;;;
320;74;;;;;
321;72;;;;;
322;73;;;;;
323;69;70;;;;
324;75;;;;;
325;68;;;;;
326;67;;;;;
327;84;;;;;
328;83;;;;;
329;438;439;;;;
330;442;456;;;;
331;443;446;;;;
332;444;445;;;;
333;451;;;;;
334;441;449;;;;
335;481;;;;;
336;476;;;;;
337;479;482;;;;
338;447;450;;;;
339;448;;;;;
340;452;;;;;
341;460;;;;;
342;455;454;;;;
343;458;457;;;;
344;480;477;;;;
345;478;;;;;
346;472;467;;;;
347;474;;;;;
348;348;;;;;
349;471;;;;;
350;469;;;;;
351;466;470;;;;
352;463;462;;;;
353;465;468;;;;
354;464;;;;;
355;461;459;;;;
356;436;;;;;
357;440;437;;;;
358;80;;;;;
359;77;;;;;
360;71;76;;;;
361;78;81;;;;
362;79;;;;;
363;82;;;;;
364;89;93;;;;
365;86;;;;;
366;87;;;;;
367;94;;;;;
368;396;;;;;
369;399;408;;;;
370;407;393;;;;
371;401;395;394;402;;
372;390;;;;;
373;189;;;;;
374;178;;;;;
375;175;;;;;
376;179;176;;;;
377;189;;;;;
378;400;405;404;403;406;
379;411;;;;;
380;349;;;;;
381;347;;;;;
382;352;;;;;
383;353;357;;;;
384;350;351;;;;
385;358;;;;;
386;355;;;;;
387;356;;;;;
388;343;;;;;
389;332;;;;;
390;359;;;;;
391;362;360;;;;
392;367;369;;;;
393;371;;;;;
394;372;;;;;
395;373;;;;;
396;382;380;;;;
398;381;378;;;;
399;379;;;;;
400;374;;;;;
401;377;375;;;;
402;376;;;;;
403;368;;;;;
404;1011;1013;;;;
405;383;;;;;
406;1010;;;;;
407;1024;;;;;
408;1078;;;;;
409;409;385;384;;;
410;364;363;;;;
411;365;;;;;
412;366;;;;;
413;333;;;;;
414;328;;;;;
415;329;334;;;;
416;320;;;;;
417;321;;;;;
418;330;331;339;;;
419;318;;;;;
420;323;322;317;;;
421;324;319;;;;
422;326;325;;;;
423;310;307;;;;
424;316;314;;;;
425;308;;;;;
426;315;312;;;;
427;291;289;;;;
428;288;287;;;;
429;299;301;292;;;
430;293;;;;;
431;311;;;;;
432;309;;;;;
433;297;300;298;;;
434;304;;;;;
435;306;305;;;;
436;313;;;;;
437;1077;;;;;
438;1057;1079;;;;
439;1076;1068;;;;
440;1065;;;;;
441;1071;;;;;
442;1074;1072;;;;
443;1058;1055;;;;
444;388;387;;;;
445;1056;1054;;;;
446;1073;;;;;
447;1059;;;;;
448;1075;;;;;
449;1066;;;;;
450;1067;;;;;
451;327;;;;;
452;342;335;340;;;
453;338;;;;;
454;344;337;;;;
455;345;;;;;
456;277;;;;;
457;284;;;;;
458;279;278;276;;;
459;346;;;;;
460;190;;;;;
461;191;;;;;
462;192;;;;;
463;195;188;193;;;
464;194;;;;;
465;187;186;;;;
466;204;;;;;
467;197;;;;;
468;202;198;;;;
469;207;;;;;
470;199;;;;;
471;205;;;;;
472;200;;;;;
473;167;166;;;;
474;201;206;203;;;
475;196;;;;;
476;208;210;;;;
477;211;;;;;
478;212;;;;;
479;235;236;221;;;
480;237;;;;;
481;227;;;;;
482;164;168;;;;
483;223;231;;;;
484;234;233;;;;
485;232;;;;;
486;250;229;;;;
487;228;;;;;
488;243;;;;;
489;239;;;;;
490;203;214;;;;
491;282;;;;;
492;280;;;;;
493;341;;;;;
494;336;;;;;
495;285;295;;;;
496;286;;;;;
497;281;283;;;;
498;296;;;;;
499;213;215;;;;
500;241;;;;;
501;242;;;;;
502;240;;;;;
503;249;248;;;;
504;245;;;;;
505;247;;;;;
506;246;;;;;
507;253;;;;;
508;254;;;;;
509;252;;;;;
510;184;182;;;;
511;263;;;;;
512;411;;;;;
513;410;;;;;
514;412;;;;;
515;419;413;;;;
516;414;;;;;
517;415;;;;;
518;417;;;;;
519;416;;;;;
520;420;;;;;
521;421;427;418;423;;
522;424;;;;;
523;422;426;;;;
524;425;428;;;;
525;430;431;;;;
526;432;433;;;;
527;90;;;;;
528;85;;;;;
529;98;91;;;;
530;391;;;;;
531;398;;;;;
532;392;;;;;
533;389;;;;;
534;434;435;;;;
535;475;;;;;
536;475;;;;;
537;475;;;;;
538;1773;;;;;
539;2080;2082;;;;
540;2081;2083;;;;
541;2089;2148;2149;;;
542;2150;;;;;
543;2150;;;;;
544;2150;;;;;
545;2151;;;;;
546;2151;;;;;
547;2151;;;;;
548;2151;;;;;
549;2142;21;47;2144;2139;2143
550;2145;;;;;
551;2140;2146;;;;
552;2094;;;;;
553;2141;;;;;
554;2091;2093;;;;
555;2092;;;;;
556;2090;;;;;
557;2105;;;;;
558;2095;;;;;
559;2096;;;;;
560;2097;;;;;
561;2107;;;;;
562;244;;;;;
563;2098;;;;;
564;2123;2122;2116;;;
565;2115;2112;;;;
566;2107;;;;;
567;2100;;;;;
568;2106;;;;;
569;2106;;;;;
570;2115;;;;;
571;2110;;;;;
572;2129;;;;;
573;2125;;;;;
574;2120;2121;;;;
575;2138;2136;;;;
576;2137;2135;;;;
577;259;;;;;
578;2134;2133;;;;
579;2132;;;;;
580;2131;;;;;
581;2130;2128;;;;
582;1786;;;;;
583;1784;;;;;
584;2118;;;;;
585;2119;;;;;
586;2117;2127;;;;
587;2119;;;;;
588;2113;2114;;;;
589;2111;;;;;
590;2109;;;;;
591;2108;;;;;
592;1794;;;;;
593;1794;;;;;
594;1790;;;;;
595;1787;;;;;
596;1785;;;;;
597;1790;;;;;
598;1793;;;;;
599;1788;;;;;
600;1789;1796;;;;
601;1788;;;;;
602;1795;1799;;;;
603;1797;;;;;
604;1805;;;;;
605;1807;;;;;
606;1809;;;;;
607;1808;;;;;
608;1805;;;;;
609;1801;;;;;
610;1804;;;;;
611;1802;1803;;;;
612;1792;1800;;;;
613;1791;;;;;
614;1806;1798;;;;
615;1825;1824;1822;;;
616;1845;;;;;
617;1844;;;;;
618;1842;;;;;
619;1828;1826;;;;
620;1832;;;;;
621;1839;;;;;
622;1843;;;;;
623;1841;1848;;;;
624;1840;;;;;
625;1829;;;;;
626;1830;1831;;;;
627;1827;;;;;
628;1821;1823;;;;
629;1817;1811;;;;
630;1810;;;;;
631;1816;1814;;;;
632;1813;;;;;
633;1812;;;;;
634;1963;;;;;
635;1962;;;;;
636;1961;;;;;
637;1962;;;;;
638;1818;1815;;;;
639;1820;;;;;
640;1819;;;;;
641;1819;;;;;
642;1943;1942;;;;
643;1964;;;;;
644;1960;;;;;
645;1957;1958;;;;
646;1956;;;;;
647;1954;;;;;
648;1952;;;;;
649;1948;;;;;
650;1949;;;;;
651;1953;;;;;
652;1771;;;;;
653;1771;;;;;
654;1776;;;;;
655;1779;;;;;
656;1775;;;;;
657;1777;1778;;;;
658;1736;;;;;
659;1737;;;;;
660;1735;;;;;
661;1735;;;;;
662;1739;;;;;
663;1734;;;;;
664;1771;;;;;
665;1771;;;;;
666;1771;;;;;
667;2050;2048;;;;
668;1772;;;;;
669;1959;;;;;
670;1955;1945;;;;
671;1941;;;;;
672;1946;;;;;
673;1940;1935;;;;
674;1958;;;;;
675;1939;1938;1937;;;
676;1950;1947;;;;
677;1951;;;;;
678;1944;;;;;
679;1932;;;;;
680;1931;1934;;;;
681;1930;;;;;
682;1929;;;;;
683;1933;;;;;
684;1918;;;;;
685;1915;;;;;
686;1917;;;;;
687;1833;;;;;
688;1836;;;;;
689;1833;;;;;
690;1914;1859;;;;
691;1837;1835;1846;;;
692;1838;1834;;;;
693;1847;;;;;
694;1849;1850;;;;
695;1854;;;;;
696;1847;;;;;
697;1855;1852;;;;
698;1856;;;;;
699;1851;;;;;
700;1853;;;;;
701;1851;;;;;
702;1864;;;;;
703;1868;1867;;;;
704;1866;;;;;
705;1898;;;;;
706;1897;;;;;
707;1908;;;;;
708;1907;;;;;
709;1909;;;;;
710;1910;;;;;
711;1910;;;;;
712;1910;;;;;
713;1913;;;;;
714;1911;1916;;;;
715;1924;1919;;;;
716;1928;;;;;
717;1926;1925;;;;
718;1923;;;;;
719;1927;;;;;
720;1921;;;;;
721;1920;;;;;
722;1905;1903;;;;
723;1905;;;;;
724;1904;;;;;
725;1906;;;;;
726;1904;;;;;
727;1904;;;;;
728;1902;;;;;
729;1901;;;;;
730;1900;;;;;
731;1899;;;;;
732;1899;;;;;
733;1896;;;;;
734;1893;;;;;
735;1892;;;;;
736;1900;;;;;
737;1981;;;;;
738;1981;;;;;
739;1979;;;;;
740;1977;;;;;
741;1977;;;;;
742;1977;;;;;
743;1980;;;;;
744;1978;;;;;
745;1976;;;;;
746;1925;;;;;
747;1975;;;;;
748;1922;;;;;
749;1967;;;;;
750;1973;;;;;
751;1982;1971;;;;
752;1974;;;;;
753;1969;;;;;
754;1972;1970;;;;
755;1968;1965;;;;
756;1966;;;;;
757;2088;2087;;;;
758;2086;;;;;
759;2079;;;;;
760;2085;2084;;;;
761;1886;;;;;
762;1887;1891;;;;
763;1883;;;;;
764;1888;;;;;
765;1889;1884;;;;
766;1890;;;;;
767;1885;;;;;
768;1895;1894;;;;
769;1881;;;;;
770;1869;;;;;
771;1871;1870;;;;
772;1863;;;;;
773;1865;;;;;
774;1864;;;;;
775;1862;;;;;
776;1861;;;;;
777;1870;;;;;
778;1876;;;;;
779;1872;1875;;;;
780;1874;;;;;
781;1873;;;;;
782;1877;;;;;
783;1878;;;;;
784;1882;;;;;
785;1880;;;;;
786;1879;;;;;
787;1858;;;;;
788;1857;;;;;
789;1860;;;;;
790;1858;;;;;
791;1858;;;;;
792;1912;;;;;
793;1912;;;;;
794;2099;;;;;
795;2102;;;;;
796;2103;;;;;
797;2104;;;;;
798;2100;;;;;
799;2101;;;;;
800;1783;;;;;
801;1762;;;;;
802;1989;;;;;
803;1990;;;;;
804;1988;;;;;
805;1770;1755;;;;
806;1763;;;;;
807;1764;;;;;
808;1769;;;;;
809;1758;;;;;
810;1995;;;;;
811;1993;1996;;;;
812;1991;;;;;
813;1987;;;;;
814;2040;2041;;;;
815;2042;2033;;;;
816;1780;2018;;;;
817;2007;;;;;
818;2008;2010;;;;
819;1756;;;;;
820;2001;;;;;
821;2011;2013;2012;;;
822;2002;;;;;
823;2003;;;;;
824;2005;;;;;
825;2062;;;;;
826;2004;;;;;
827;2063;;;;;
828;2019;;;;;
829;2015;;;;;
830;2016;;;;;
831;2017;;;;;
832;2020;;;;;
833;2064;;;;;
834;2061;;;;;
835;2060;;;;;
836;2064;;;;;
837;2046;;;;;
838;2021;;;;;
839;2025;2024;;;;
840;2023;2022;;;;
841;2023;;;;;
842;2023;;;;;
843;2027;2026;2028;2029;;
844;2056;;;;;
845;2054;;;;;
846;2047;;;;;
847;2057;;;;;
848;2058;;;;;
849;2052;2051;;;;
850;2049;;;;;
851;2055;;;;;
852;2053;;;;;
853;2053;;;;;
854;2039;;;;;
855;2034;;;;;
856;2032;;;;;
857;2038;;;;;
858;2037;;;;;
859;2034;;;;;
860;2031;;;;;
861;2030;;;;;
862;2035;;;;;
863;2036;;;;;
864;2030;;;;;
865;2044;2043;;;;
866;2045;;;;;
867;2009;;;;;
868;1994;;;;;
869;1992;;;;;
870;1992;;;;;
871;1998;;;;;
872;2005;;;;;
873;1997;;;;;
874;1999;;;;;
875;2000;;;;;
876;2006;;;;;
877;2004;;;;;
878;2004;;;;;
879;2068;2069;;;;
880;2072;2065;;;;
881;2071;2070;;;;
882;2073;;;;;
883;2067;2066;;;;
884;2074;;;;;
885;2075;;;;;
886;2059;;;;;
887;2076;;;;;
888;2078;2077;;;;
889;889;;;;;
890;1986;1985;;;;
891;1782;1774;;;;
892;1781;;;;;
893;1780;;;;;
894;1780;;;;;
895;1765;;;;;
896;1766;;;;;
897;1759;1757;1760;1754;1753;
898;1767;;;;;
899;1768;;;;;
900;900;1006;1007;;;
901;791;;;;;
902;786;;;;;
903;787;;;;;
904;790;;;;;
905;792;788;793;;;
906;789;;;;;
907;800;;;;;
908;799;;;;;
909;783;;;;;
910;784;;;;;
911;785;;;;;
912;778;;;;;
913;782;;;;;
914;780;;;;;
915;781;;;;;
916;771;;;;;
917;772;;;;;
918;769;;;;;
919;765;;;;;
920;768;767;;;;
921;766;;;;;
922;760;;;;;
923;764;;;;;
924;761;763;;;;
925;762;759;;;;
926;770;775;;;;
927;754;773;;;;
928;751;755;758;;;
929;756;;;;;
930;757;;;;;
931;753;;;;;
932;750;;;;;
933;752;;;;;
934;741;;;;;
935;742;;;;;
936;744;;;;;
937;740;746;;;;
938;745;;;;;
939;747;;;;;
940;748;;;;;
941;749;;;;;
942;735;;;;;
943;734;743;;;;
944;731;;;;;
945;736;;;;;
946;736;;;;;
947;732;;;;;
948;730;;;;;
949;727;;;;;
950;733;;;;;
951;733;;;;;
952;729;;;;;
953;728;;;;;
954;716;;;;;
955;716;;;;;
956;724;;;;;
957;715;;;;;
958;718;717;;;;
959;722;721;723;;;
960;720;;;;;
961;990;;;;;
962;990;;;;;
963;990;;;;;
964;991;;;;;
965;991;;;;;
966;719;;;;;
967;989;;;;;
968;725;;;;;
969;726;;;;;
970;739;;;;;
971;987;;;;;
972;988;;;;;
973;981;;;;;
974;982;;;;;
975;986;;;;;
976;984;;;;;
977;985;;;;;
978;974;;;;;
979;972;;;;;
980;971;;;;;
981;978;983;;;;
982;979;;;;;
983;963;;;;;
984;977;980;;;;
985;975;;;;;
986;976;;;;;
987;966;;;;;
988;964;;;;;
989;965;;;;;
990;965;;;;;
991;967;968;;;;
992;969;;;;;
993;962;970;;;;
994;973;958;;;;
995;961;960;;;;
996;959;;;;;
997;957;945;942;;;
998;944;;;;;
999;937;;;;;
1000;952;953;;;;
1001;954;;;;;
1002;956;955;;;;
1003;950;;;;;
1004;948;;;;;
1005;949;;;;;
1006;951;;;;;
1007;932;934;;;;
1008;929;935;;;;
1009;939;941;;;;
1010;931;;;;;
1011;930;933;;;;
1012;936;;;;;
1013;737;;;;;
1014;738;;;;;
1015;776;;;;;
1016;776;;;;;
1017;777;;;;;
1018;774;;;;;
1019;801;802;;;;
1020;779;799;;;;
1021;801;;;;;
1022;798;;;;;
1023;794;;;;;
1024;797;;;;;
1025;797;;;;;
1026;795;;;;;
1027;798;;;;;
1028;803;;;;;
1029;804;;;;;
1030;813;;;;;
1031;814;;;;;
1032;805;;;;;
1033;815;;;;;
1034;834;835;;;;
1035;832;;;;;
1036;832;;;;;
1037;833;;;;;
1038;816;;;;;
1039;817;;;;;
1040;814;;;;;
1041;811;;;;;
1042;823;;;;;
1043;820;;;;;
1044;822;;;;;
1045;824;;;;;
1046;825;;;;;
1047;829;830;;;;
1048;821;;;;;
1049;819;;;;;
1050;818;;;;;
1051;828;;;;;
1052;831;;;;;
1053;826;;;;;
1054;827;;;;;
1055;837;;;;;
1056;836;;;;;
1058;838;;;;;
1059;843;839;;;;
1060;841;;;;;
1061;842;;;;;
1062;851;848;;;;
1063;846;847;;;;
1064;844;845;;;;
1065;812;807;;;;
1066;810;;;;;
1067;804;;;;;
1068;808;806;;;;
1069;809;;;;;
1070;923;;;;;
1071;904;;;;;
1072;903;;;;;
1073;905;;;;;
1074;906;;;;;
1075;907;914;;;;
1076;908;;;;;
1077;909;910;;;;
1078;926;919;;;;
1079;927;;;;;
1080;920;921;;;;
1081;922;;;;;
1082;922;;;;;
1083;946;;;;;
1084;943;947;;;;
1085;938;;;;;
1086;925;;;;;
1087;928;924;;;;
1088;928;;;;;
1089;911;;;;;
1090;912;;;;;
1091;913;;;;;
1092;915;;;;;
1093;917;918;;;;
1094;893;;;;;
1095;894;;;;;
1096;895;;;;;
1097;890;;;;;
1098;902;;;;;
1099;859;;;;;
1100;887;;;;;
1101;892;;;;;
1102;888;;;;;
1103;891;;;;;
1104;860;;;;;
1105;871;;;;;
1106;886;885;;;;
1107;886;;;;;
1108;882;;;;;
1109;883;;;;;
1110;884;;;;;
1111;869;;;;;
1112;870;;;;;
1113;878;;;;;
1114;879;;;;;
1115;879;;;;;
1116;880;;;;;
1117;881;;;;;
1118;881;;;;;
1119;872;;;;;
1120;876;875;874;;;
1121;873;877;;;;
1122;855;;;;;
1123;856;;;;;
1124;866;868;;;;
1125;867;;;;;
1126;863;;;;;
1127;898;;;;;
1128;861;865;;;;
1129;862;;;;;
1130;857;;;;;
1131;858;;;;;
1132;864;;;;;
1133;854;;;;;
1134;1003;;;;;
1135;996;;;;;
1136;997;;;;;
1137;1001;1002;;;;
1138;853;;;;;
1139;849;;;;;
1140;850;852;;;;
1141;850;;;;;
1142;899;901;;;;
1143;897;;;;;
1144;898;;;;;
1145;940;;;;;
1146;992;;;;;
1147;993;;;;;
1148;896;;;;;
1149;1129;;;;;
1150;1130;;;;;
1151;1128;;;;;
1152;1129;;;;;
1153;1153;;;;;
1154;1152;;;;;
1155;1152;;;;;
1156;1155;;;;;
1157;1155;;;;;
1158;1177;;;;;
1159;1179;;;;;
1160;1179;;;;;
1161;1177;;;;;
1162;1304;;;;;
1163;1179;;;;;
1164;1180;;;;;
1165;1180;;;;;
1166;1180;;;;;
1167;1181;;;;;
1170;1182;;;;;
1171;1183;;;;;
1172;1184;;;;;
1174;1543;;;;;
1175;1541;;;;;
1176;1542;;;;;
1177;1543;;;;;
1178;1544;;;;;
1179;1545;;;;;
1180;1549;;;;;
1181;1547;;;;;
1182;1549;;;;;
1183;1551;1548;;;;
1184;1552;1550;;;;
1185;1557;1546;;;;
1186;1556;;;;;
1187;1553;1558;;;;
1188;1554;1555;;;;
1189;1559;;;;;
1190;1560;;;;;
1191;1561;;;;;
1192;1562;;;;;
1193;1563;1564;;;;
1194;1230;;;;;
1195;1230;;;;;
1196;1232;;;;;
1197;1231;;;;;
1198;1233;;;;;
1199;1228;1222;1229;;;
1200;1223;;;;;
1201;1221;;;;;
1202;1220;1217;1219;;;
1203;1245;;;;;
1204;1241;;;;;
1205;1247;;;;;
1206;1246;;;;;
1207;1239;;;;;
1208;1238;;;;;
1209;1251;;;;;
1210;1243;1250;;;;
1211;1242;;;;;
1212;1249;;;;;
1213;1244;;;;;
1214;1331;1329;;;;
1215;1328;;;;;
1216;1330;1327;;;;
1217;1332;1333;;;;
1218;1336;1339;;;;
1219;1334;1335;;;;
1220;1343;;;;;
1221;1340;;;;;
1222;1341;;;;;
1223;1319;;;;;
1224;1323;1321;;;;
1225;1252;1254;;;;
1226;1248;1253;;;;
1227;1322;;;;;
1228;1324;1320;;;;
1229;1325;;;;;
1230;1326;;;;;
1231;1316;;;;;
1232;1317;;;;;
1233;1344;;;;;
1234;1342;;;;;
1235;1337;;;;;
1236;1338;;;;;
1237;1338;;;;;
1238;1345;;;;;
1239;1346;1348;;;;
1240;1347;;;;;
1241;1350;;;;;
1242;1351;;;;;
1243;1357;1359;;;;
1244;1358;;;;;
1245;1358;;;;;
1246;1356;;;;;
1247;1360;;;;;
1248;1375;;;;;
1249;1375;;;;;
1250;1354;;;;;
1251;1352;;;;;
1252;1353;;;;;
1253;1318;;;;;
1254;1349;;;;;
1255;1308;;;;;
1256;1355;;;;;
1257;1312;;;;;
1258;1378;;;;;
1259;1311;1309;;;;
1260;1310;;;;;
1261;1307;;;;;
1262;1304;;;;;
1263;1301;;;;;
1264;1314;;;;;
1265;1302;;;;;
1266;1315;;;;;
1267;1267;;;;;
1268;1267;;;;;
1269;1258;1257;;;;
1270;1255;;;;;
1271;1259;;;;;
1272;1269;;;;;
1273;1268;;;;;
1274;1271;;;;;
1275;1255;;;;;
1276;1264;;;;;
1277;1263;;;;;
1278;1256;;;;;
1279;1302;;;;;
1280;1299;;;;;
1281;1292;;;;;
1282;1293;;;;;
1283;1290;1295;1294;;;
1284;1288;;;;;
1285;1445;;;;;
1286;1440;;;;;
1287;1442;;;;;
1288;1450;;;;;
1289;1420;;;;;
1290;1406;1411;;;;
1291;1408;;;;;
1292;1408;1409;;;;
1293;1386;;;;;
1294;1389;;;;;
1295;1409;;;;;
1296;1410;;;;;
1297;1419;1420;;;;
1298;1419;;;;;
1299;1415;;;;;
1300;1417;;;;;
1301;1412;;;;;
1302;1416;;;;;
1303;1425;;;;;
1304;1413;;;;;
1305;1387;;;;;
1306;1404;;;;;
1307;1390;;;;;
1308;1303;;;;;
1309;1381;1376;;;;
1310;1380;1382;;;;
1311;1383;;;;;
1312;1368;;;;;
1313;1369;;;;;
1314;1370;;;;;
1315;1371;;;;;
1316;1372;;;;;
1317;1373;;;;;
1318;1367;;;;;
1319;1379;1377;;;;
1320;1367;;;;;
1321;1365;;;;;
1322;1361;1363;;;;
1323;1362;;;;;
1324;1364;;;;;
1325;1374;;;;;
1326;1392;1393;;;;
1327;1388;;;;;
1328;1395;1396;;;;
1329;1405;1391;;;;
1330;1426;1428;;;;
1331;1427;;;;;
1332;1394;;;;;
1333;1397;;;;;
1334;1397;;;;;
1335;1399;;;;;
1336;1398;;;;;
1337;1399;;;;;
1338;1403;;;;;
1339;1402;;;;;
1340;1400;;;;;
1341;1401;;;;;
1342;1422;;;;;
1343;1423;;;;;
1344;1424;;;;;
1345;1424;;;;;
1346;1416;;;;;
1347;1429;1430;;;;
1348;1431;;;;;
1349;1434;1435;;;;
1350;1433;;;;;
1351;1436;;;;;
1352;1438;1437;;;;
1353;1432;;;;;
1354;1639;;;;;
1355;1642;1640;;;;
1356;1635;1634;;;;
1357;1637;;;;;
1358;1636;;;;;
1359;1641;1638;;;;
1360;1297;;;;;
1361;1298;;;;;
1362;1300;;;;;
1363;1303;;;;;
1364;1305;;;;;
1365;1306;;;;;
1366;1187;;;;;
1367;1190;;;;;
1368;1185;;;;;
1369;1195;;;;;
1370;1194;;;;;
1371;1195;;;;;
1372;1191;;;;;
1373;1196;;;;;
1374;1202;1204;;;;
1375;1205;;;;;
1376;1225;;;;;
1377;1207;;;;;
1378;1207;;;;;
1379;1199;;;;;
1380;1203;1198;;;;
1381;1200;;;;;
1382;1206;;;;;
1383;1168;;;;;
1384;1169;;;;;
1385;1120;;;;;
1386;1237;;;;;
1387;1213;1209;;;;
1388;1210;;;;;
1389;1208;;;;;
1390;1207;;;;;
1391;1226;;;;;
1392;1227;;;;;
1393;1224;;;;;
1394;1215;;;;;
1395;1217;;;;;
1396;1218;1216;;;;
1397;1310;1235;;;;
1398;1240;;;;;
1399;1120;;;;;
1404;1124;;;;;
1405;1124;;;;;
1408;2174;;;;;
1409;1179;;;;;
1410;1179;;;;;
1411;1179;;;;;
1412;1163;;;;;
1413;1070;;;;;
1414;1164;;;;;
1415;1166;;;;;
1416;1162;;;;;
1417;1166;;;;;
1418;1119;;;;;
1419;1125;;;;;
1420;1123;;;;;
1421;1273;1276;;;;
1422;504;;;;;
1423;504;;;;;
1424;504;;;;;
1425;1109;;;;;
1426;1110;;;;;
1427;1103;;;;;
1428;1106;;;;;
1429;1107;;;;;
1430;1279;;;;;
1431;1275;;;;;
1432;1280;;;;;
1433;1281;;;;;
1434;1121;;;;;
1435;1277;;;;;
1436;1121;;;;;
1437;1122;;;;;
1438;1122;;;;;
1439;1272;1270;;;;
1440;1265;;;;;
1441;1266;;;;;
1442;1283;;;;;
1443;1284;1262;;;;
1444;1285;;;;;
1445;1282;;;;;
1446;1282;;;;;
1447;1274;;;;;
1448;1286;;;;;
1450;1287;;;;;
1451;1288;;;;;
1452;1288;;;;;
1453;1289;;;;;
1454;1443;;;;;
1455;1456;;;;;
1456;1449;;;;;
1457;1447;;;;;
1458;1471;;;;;
1459;1476;;;;;
1460;1479;;;;;
1461;1493;;;;;
1462;1485;;;;;
1463;1484;;;;;
1464;1520;;;;;
1465;1522;;;;;
1466;1518;;;;;
1467;1481;;;;;
1468;1480;;;;;
1469;1459;;;;;
1470;1468;;;;;
1471;1467;;;;;
1472;1461;;;;;
1473;1457;;;;;
1474;1540;;;;;
1475;1530;;;;;
1476;1531;;;;;
1477;1463;;;;;
1478;1527;;;;;
1479;1525;;;;;
1480;1532;;;;;
1481;1529;;;;;
1482;1529;;;;;
1483;1537;;;;;
1484;1539;;;;;
1485;1105;;;;;
1486;2171;2168;2170;2173;;
1487;1099;;;;;
1488;1099;;;;;
1489;1100;;;;;
1490;1097;;;;;
1491;1098;;;;;
1492;2172;;;;;
1493;2169;;;;;
1494;1533;;;;;
1495;1093;1088;;;;
1496;1095;;;;;
1497;1091;;;;;
1498;1090;;;;;
1499;1094;;;;;
1500;1092;;;;;
1501;1092;;;;;
1502;1085;;;;;
1503;1080;;;;;
1504;1039;;;;;
1505;1517;;;;;
1506;1516;;;;;
1507;1487;;;;;
1508;1498;;;;;
1509;1500;;;;;
1510;1506;;;;;
1511;1502;;;;;
1512;1512;;;;;
1513;1503;;;;;
1514;1497;;;;;
1515;1504;;;;;
1516;1509;1510;;;;
1517;1511;;;;;
1518;1421;;;;;
1519;1421;;;;;
1520;1167;;;;;
1521;1161;;;;;
1522;1161;;;;;
1523;1161;;;;;
1524;1181;;;;;
1525;1186;;;;;
1526;1186;;;;;
1527;1189;;;;;
1528;1176;;;;;
1529;1175;;;;;
1530;1201;1197;;;;
1531;1155;;;;;
1532;1171;;;;;
1533;1171;;;;;
1534;1171;;;;;
1535;1171;;;;;
1536;1171;;;;;
1537;1157;;;;;
1538;1159;;;;;
1539;1159;;;;;
1540;1159;;;;;
1541;1159;;;;;
1542;1159;;;;;
1543;1159;;;;;
1544;1148;;;;;
1545;1149;;;;;
1546;1144;;;;;
1547;1140;;;;;
1548;1142;;;;;
1549;1141;;;;;
1550;1141;;;;;
1551;498;;;;;
1552;1138;;;;;
1553;499;;;;;
1554;503;;;;;
1555;500;;;;;
1556;507;;;;;
1557;1143;;;;;
1558;1146;;;;;
1559;1147;;;;;
1560;1156;;;;;
1561;1156;;;;;
1562;1156;;;;;
1563;1156;;;;;
1564;1156;;;;;
1565;1156;;;;;
1566;1130;;;;;
1567;1131;;;;;
1568;1113;;;;;
1569;1113;;;;;
1570;1113;;;;;
1571;1113;;;;;
1572;1151;;;;;
1573;1128;;;;;
1574;1132;;;;;
1575;1137;;;;;
1576;1115;;;;;
1577;1133;;;;;
1578;1114;;;;;
1579;1114;;;;;
1580;1117;;;;;
1581;1110;;;;;
1582;1110;;;;;
1583;1110;;;;;
1584;1110;;;;;
1585;1102;;;;;
1586;1099;;;;;
1587;1099;;;;;
1588;1099;;;;;
1589;1099;;;;;
1590;502;;;;;
1591;501;;;;;
1592;1184;;;;;
1593;1136;;;;;
1594;1135;;;;;
1596;1154;;;;;
1597;1135;;;;;
1598;1150;;;;;
1599;1661;1663;1664;;;
1600;1674;;;;;
1601;1675;;;;;
1602;1681;;;;;
1603;1676;;;;;
1604;1668;;;;;
1605;1677;;;;;
1606;1677;;;;;
1607;1677;;;;;
1608;1676;;;;;
1609;1666;;;;;
1610;1665;;;;;
1611;1682;;;;;
1612;1667;;;;;
1613;1667;;;;;
1614;1588;;;;;
1615;1668;;;;;
1616;1668;;;;;
1617;1668;;;;;
1618;1668;;;;;
1619;1669;;;;;
1620;1671;;;;;
1621;1670;;;;;
1622;1591;;;;;
1624;1683;;;;;
1625;1684;;;;;
1626;1685;;;;;
1627;1686;;;;;
1628;1647;1648;;;;
1629;1646;1651;;;;
1630;1650;1649;;;;
1631;1654;;;;;
1632;1653;1652;;;;
1633;1655;;;;;
1634;1656;;;;;
1635;1643;;;;;
1636;1643;;;;;
1637;1644;;;;;
1638;1645;;;;;
1639;1615;1619;;;;
1640;1657;;;;;
1641;1633;;;;;
1642;1631;1629;1630;;;
1643;1628;;;;;
1644;1624;;;;;
1645;1623;;;;;
1646;1625;;;;;
1647;1626;;;;;
1648;1627;;;;;
1649;1627;;;;;
1650;1632;;;;;
1651;1660;;;;;
1652;1658;;;;;
1653;1659;;;;;
1654;1620;;;;;
1655;1621;;;;;
1656;1622;;;;;
1657;1616;;;;;
1658;1617;;;;;
1659;1599;;;;;
1660;1600;;;;;
1661;1618;;;;;
1662;1601;;;;;
1663;1595;;;;;
1664;1594;;;;;
1665;1596;;;;;
1666;1605;;;;;
1667;1605;;;;;
1668;1724;;;;;
1669;1725;;;;;
1670;1726;;;;;
1671;1727;;;;;
1672;1602;;;;;
1673;1598;;;;;
1674;1597;;;;;
1675;1609;1606;1608;;;
1676;1610;;;;;
1677;1234;;;;;
1678;1603;;;;;
1679;1607;;;;;
1680;1604;;;;;
1681;1587;;;;;
1682;1587;;;;;
1683;1588;;;;;
1684;1589;;;;;
1685;1593;1590;;;;
1686;1592;;;;;
1687;1584;;;;;
1688;1583;;;;;
1689;1582;;;;;
1690;1581;;;;;
1691;1585;;;;;
1692;1586;;;;;
1693;1701;;;;;
1694;1701;;;;;
1695;1701;;;;;
1696;1699;;;;;
1697;1714;;;;;
1698;1700;;;;;
1699;1714;;;;;
1700;1714;;;;;
1701;1696;;;;;
1702;1696;;;;;
1703;1697;;;;;
1704;1696;;;;;
1705;1716;;;;;
1706;1698;;;;;
1707;1698;;;;;
1708;1698;;;;;
1709;1695;;;;;
1710;1688;;;;;
1711;1692;;;;;
1712;1690;1694;1712;1691;;
1713;1693;;;;;
1714;1693;;;;;
1715;1715;;;;;
1716;1711;;;;;
1717;1711;;;;;
1718;1715;;;;;
1719;1715;;;;;
1720;1717;;;;;
1721;1702;;;;;
1722;1704;;;;;
1723;1703;;;;;
1724;1703;;;;;
1725;1706;;;;;
1726;1717;;;;;
1727;1705;;;;;
1728;1707;;;;;
1729;1711;;;;;
1730;1708;;;;;
1731;1731;;;;;
1732;1713;;;;;
1733;1712;;;;;
1734;1717;;;;;
1735;1572;;;;;
1736;1571;;;;;
1737;1565;;;;;
1738;1569;;;;;
1739;1566;;;;;
1740;1567;;;;;
1741;1570;;;;;
1742;1565;;;;;
1743;1568;;;;;
1744;1575;;;;;
1745;1573;;;;;
1746;1576;;;;;
1747;1574;;;;;
1748;1580;1577;;;;
1749;1578;;;;;
1750;1579;;;;;
1751;1743;;;;;
1752;1728;;;;;
1753;1729;;;;;
1754;1749;;;;;
1755;1730;;;;;
1756;1731;1733;;;;
1757;1687;;;;;
1758;1687;;;;;
1759;1687;;;;;
1760;1687;;;;;
1761;1679;;;;;
1762;1750;;;;;
1763;1746;;;;;
1764;1745;;;;;
1765;1747;;;;;
1766;1738;;;;;
1767;1678;;;;;
1768;1680;;;;;
1769;1680;;;;;
1770;1679;;;;;
1771;688;;;;;
1772;688;;;;;
1773;685;;;;;
1774;671;;;;;
1775;673;;;;;
1776;675;;;;;
1777;670;;;;;
1778;656;;;;;
1780;672;;;;;
1781;667;;;;;
1782;671;;;;;
1783;684;;;;;
1784;1662;;;;;
1785;1672;;;;;
1786;1673;;;;;
1787;1081;;;;;
1788;1087;;;;;
1789;1084;;;;;
1790;1033;;;;;
1791;1030;;;;;
1792;1016;;;;;
1793;1018;;;;;
1794;1019;;;;;
1795;1020;;;;;
1796;1022;1023;1026;;;
1797;1012;;;;;
1798;1008;;;;;
1799;1009;;;;;
1800;1004;;;;;
1801;1005;;;;;
1802;1025;;;;;
1803;1025;;;;;
1804;1048;;;;;
1805;1046;;;;;
1806;1031;;;;;
1807;1045;;;;;
1808;1044;;;;;
1809;1049;;;;;
1812;1050;;;;;
1813;1053;;;;;
1814;1051;;;;;
1815;840;;;;;
1816;998;;;;;
1817;1611;1612;;;;
1818;1047;;;;;
1819;1052;1043;;;;
1820;1038;;;;;
1821;1040;;;;;
1822;1041;;;;;
1823;1032;;;;;
1824;1037;1028;;;;
1825;1089;;;;;
1826;1086;;;;;
1827;664;;;;;
1828;668;;;;;
1829;666;;;;;
1830;668;;;;;
1831;665;;;;;
1832;669;;;;;
1833;699;;;;;
1834;660;;;;;
1835;660;;;;;
1836;660;;;;;
1837;669;;;;;
1838;706;;;;;
1839;666;;;;;
1840;685;;;;;
1841;681;;;;;
1842;698;;;;;
1843;696;;;;;
1844;696;;;;;
1845;710;;;;;
1846;698;;;;;
1847;702;;;;;
1848;708;;;;;
1849;701;;;;;
1850;709;;;;;
1851;386;;;;;
1852;1063;;;;;
1853;1061;;;;;
1854;1060;;;;;
1855;1062;;;;;
1856;711;;;;;
1857;704;;;;;
1858;712;714;;;;
1859;1083;1082;;;;
1860;1036;;;;;
1861;1014;1015;;;;
1862;1021;;;;;
1863;1017;;;;;
1864;1029;;;;;
1865;1027;;;;;
1866;1034;1035;;;;
1867;995;;;;;
1868;1720;;;;;
1869;1718;;;;;
1870;1719;;;;;
1871;1721;;;;;
1872;1722;;;;;
1873;1723;;;;;
1874;593;;;;;
1877;1414;;;;;
1878;1442;;;;;
1898;1384;;;;;
1907;713;;;;;
1909;2124;2126;;;;
